period,product_id,starting_inventory_level,starting_inventory_position,order_quantities,interim_inventory_level,interim_inventory_position,demands,sales,unmet_demand
1,0,0.0,0.0,0.0,0.0,0.0,0.5809853400836347,0.0,0.5809853400836347
2,0,0.0,0.0,0.4204482076268573,0.4204482076268573,0.4204482076268573,0.46313773967420213,0.4204482076268573,0.042689532047344825
3,0,0.0,0.0,0.6737267695107214,0.6737267695107214,0.6737267695107214,0.9436459597872283,0.6737267695107214,0.2699191902765069
4,0,0.0,0.0,0.8505034648073583,0.8505034648073583,0.8505034648073583,0.7423964123973851,0.7423964123973851,0.0
5,0,0.1081070524099732,0.1081070524099732,0.6715968354020297,0.779703887812003,0.779703887812003,0.9444666502804278,0.779703887812003,0.1647627624684248
6,0,0.0,0.0,0.7780873527764085,0.7780873527764085,0.7780873527764085,0.802606088554544,0.7780873527764085,0.02451873577813546
7,0,0.0,0.0,0.8659142317694463,0.8659142317694463,0.8659142317694463,0.15405245835742076,0.15405245835742076,0.0
8,0,0.7118617734120255,0.7118617734120255,0.11470826147920021,0.8265700348912257,0.8265700348912257,0.20687025769049971,0.20687025769049971,0.0
9,0,0.619699777200726,0.619699777200726,0.0,0.619699777200726,0.619699777200726,0.06607917061388091,0.06607917061388091,0.0
10,0,0.5536206065868451,0.5536206065868451,0.0,0.5536206065868451,0.5536206065868451,0.3967544598692243,0.3967544598692243,0.0
11,0,0.15686614671762078,0.15686614671762078,0.0,0.15686614671762078,0.15686614671762078,0.493937991924578,0.15686614671762078,0.3370718452069572
12,0,0.0,0.0,0.044773747159314245,0.044773747159314245,0.044773747159314245,0.9897606765153361,0.044773747159314245,0.9449869293560218
13,0,0.0,0.0,0.08528454622453938,0.08528454622453938,0.08528454622453938,0.904019166901161,0.08528454622453938,0.8187346206766216
14,0,0.0,0.0,0.12221120007862299,0.12221120007862299,0.12221120007862299,0.21254028546530424,0.12221120007862299,0.09032908538668125
15,0,0.0,0.0,0.15608671662226398,0.15608671662226398,0.15608671662226398,0.39854018207429454,0.15608671662226398,0.24245346545203056
16,0,0.0,0.0,0.18733671662226398,0.18733671662226398,0.18733671662226398,0.5146810446243972,0.18733671662226398,0.32734432800213326
17,0,0.0,0.0,0.2163060731225847,0.2163060731225847,0.2163060731225847,0.5727515175700213,0.2163060731225847,0.3564454444474366
18,0,0.0,0.0,0.243277838217436,0.243277838217436,0.243277838217436,0.23703318208746782,0.23703318208746782,0.0
19,0,0.00624465612996819,0.00624465612996819,0.22368871708088925,0.22993337321085744,0.22993337321085744,0.2885457263794289,0.22993337321085744,0.05861235316857144
20,0,0.0,0.0,0.24733225730596864,0.24733225730596864,0.24733225730596864,0.615746020445455,0.24733225730596864,0.36841376313948637
21,0,0.0,0.0,0.2695769229120734,0.2695769229120734,0.2695769229120734,0.33767912770899766,0.2695769229120734,0.06810220479692425
22,0,0.0,0.0,0.2905649515913508,0.2905649515913508,0.2905649515913508,0.7197211357893983,0.2905649515913508,0.4291561841980475
23,0,0.0,0.0,0.3104185944390348,0.3104185944390348,0.3104185944390348,0.29835303896341847,0.29835303896341847,0.0
24,0,0.01206555547561633,0.01206555547561633,0.28838799735962717,0.3004535528352435,0.3004535528352435,0.21042102903315818,0.21042102903315818,0.0
25,0,0.09003252380208532,0.09003252380208532,0.1888861674151267,0.278918691217212,0.278918691217212,0.5376498887759461,0.278918691217212,0.2587311975587341
26,0,0.0,0.0,0.20591886027163236,0.20591886027163236,0.20591886027163236,0.10600488246873696,0.10600488246873696,0.0
27,0,0.0999139778028954,0.0999139778028954,0.0974040901072048,0.1973180679101002,0.1973180679101002,0.93471516142084,0.1973180679101002,0.7373970935107398
28,0,0.0,0.0,0.11292983553381164,0.11292983553381164,0.11292983553381164,0.22275682959422094,0.11292983553381164,0.1098269940604093
29,0,0.0,0.0,0.12778927758411876,0.12778927758411876,0.12778927758411876,0.4616167530087749,0.12778927758411876,0.3338274754246562
30,0,0.0,0.0,0.14203217779732658,0.14203217779732658,0.14203217779732658,0.7156602058111727,0.14203217779732658,0.5736280280138462
31,0,0.0,0.0,0.1557031022300692,0.1557031022300692,0.1557031022300692,0.6043575547987148,0.1557031022300692,0.44865445256864556
32,0,0.0,0.0,0.1688421087184085,0.1688421087184085,0.1688421087184085,0.2912939348627349,0.1688421087184085,0.12245182614432643
33,0,0.0,0.0,0.18148532522935246,0.18148532522935246,0.18148532522935246,0.935882359456627,0.18148532522935246,0.7543970342272746
34,0,0.0,0.0,0.19366543924601576,0.19366543924601576,0.19366543924601576,0.4563174375589317,0.19366543924601576,0.26265199831291597
35,0,0.0,0.0,0.20541211401460205,0.20541211401460205,0.20541211401460205,0.6813062380904519,0.20541211401460205,0.47589412407584986
36,0,0.0,0.0,0.2167523443052649,0.2167523443052649,0.2167523443052649,0.14505726926706564,0.14505726926706564,0.0
37,0,0.07169507503819927,0.07169507503819927,0.13925642757829457,0.21095150261649384,0.21095150261649384,0.2622957750324282,0.21095150261649384,0.05134427241593434
38,0,0.0,0.0,0.14985556454241503,0.14985556454241503,0.14985556454241503,0.16338432128319347,0.14985556454241503,0.013528756740778441
39,0,0.0,0.0,0.16011608147042145,0.16011608147042145,0.16011608147042145,0.6131131786693702,0.16011608147042145,0.45299709719894876
40,0,0.0,0.0,0.17005696558000957,0.17005696558000957,0.17005696558000957,0.07904725445508298,0.07904725445508298,0.0
41,0,0.09100971112492659,0.09100971112492659,0.07394498550380627,0.16495469662873286,0.16495469662873286,0.42231007195961023,0.16495469662873286,0.2573553753308774
42,0,0.0,0.0,0.08329771528715181,0.08329771528715181,0.08329771528715181,0.40815434955987007,0.08329771528715181,0.32485663427271827
43,0,0.0,0.0,0.092379358386908,0.092379358386908,0.092379358386908,0.18240378200007257,0.092379358386908,0.09002442361316457
44,0,0.0,0.0,0.10120373742673125,0.10120373742673125,0.10120373742673125,0.18156717180405568,0.10120373742673125,0.08036343437732443
45,0,0.0,0.0,0.10978367953997768,0.10978367953997768,0.10978367953997768,0.32826970952083667,0.10978367953997768,0.21848602998085898
46,0,0.0,0.0,0.11813110809015018,0.11813110809015018,0.11813110809015018,0.5176431810208654,0.11813110809015018,0.3995120729307152
47,0,0.0,0.0,0.12625712417378748,0.12625712417378748,0.12625712417378748,0.6131053807764321,0.12625712417378748,0.4868482566026446
48,0,0.0,0.0,0.13417207923265823,0.13417207923265823,0.13417207923265823,0.7078186840820702,0.13417207923265823,0.573646604849412
49,0,0.0,0.0,0.14188563990631592,0.14188563990631592,0.14188563990631592,0.8106955247117603,0.14188563990631592,0.6688098848054445
50,0,0.0,0.0,0.1494068460924887,0.1494068460924887,0.1494068460924887,0.4016355674273462,0.1494068460924887,0.2522287213348575
51,0,0.0,0.0,0.1567441630455909,0.1567441630455909,0.1567441630455909,0.4122538218631232,0.1567441630455909,0.2555096588175323
52,0,0.0,0.0,0.1639055282281675,0.1639055282281675,0.1639055282281675,0.5569884421257044,0.1639055282281675,0.3930829138975369
53,0,0.0,0.0,0.17089839353253827,0.17089839353253827,0.17089839353253827,0.7990447195417466,0.17089839353253827,0.6281463260092084
54,0,0.0,0.0,0.17772976340723162,0.17772976340723162,0.17772976340723162,0.5746026294233751,0.17772976340723162,0.3968728660161435
55,0,0.0,0.0,0.1844062293524927,0.1844062293524927,0.1844062293524927,0.15534106853462504,0.15534106853462504,0.0
56,0,0.02906516081786767,0.02906516081786767,0.1518855905163233,0.18095075133419097,0.18095075133419097,0.14216233201626582,0.14216233201626582,0.0
57,0,0.03878841931792515,0.03878841931792515,0.10971730429242238,0.14850572361034753,0.14850572361034753,0.07721587636009242,0.07721587636009242,0.0
58,0,0.07128984725025511,0.07128984725025511,0.035120274426569884,0.106410121676825,0.106410121676825,0.002930881860015111,0.002930881860015111,0.0
59,0,0.10347923981680988,0.10347923981680988,0.0,0.10347923981680988,0.10347923981680988,0.7508821271104582,0.10347923981680988,0.6474028872936484
60,0,0.0,0.0,0.005988401866051403,0.005988401866051403,0.005988401866051403,0.15521203719332788,0.005988401866051403,0.14922363532727648
61,0,0.0,0.0,0.011854343078527244,0.011854343078527244,0.011854343078527244,0.050595803410903195,0.011854343078527244,0.03874146033237595
62,0,0.0,0.0,0.017602258752876094,0.017602258752876094,0.017602258752876094,0.7031860929660917,0.017602258752876094,0.6855838342132156
63,0,0.0,0.0,0.023236355667177765,0.023236355667177765,0.023236355667177765,0.4068263659890513,0.023236355667177765,0.38359001032187356
64,0,0.0,0.0,0.028760627395197667,0.028760627395197667,0.028760627395197667,0.7752238164461849,0.028760627395197667,0.7464631890509872
65,0,0.0,0.0,0.03417886821954111,0.03417886821954111,0.03417886821954111,0.6567812505720979,0.03417886821954111,0.6226023823525568
66,0,0.0,0.0,0.03949468594020578,0.03949468594020578,0.03949468594020578,0.4281784261454499,0.03949468594020578,0.3886837402052441
67,0,0.0,0.0,0.04471151368137819,0.04471151368137819,0.04471151368137819,0.9845481823575732,0.04471151368137819,0.9398366686761951
68,0,0.0,0.0,0.04983262078837503,0.04983262078837503,0.04983262078837503,0.09591320213628951,0.04983262078837503,0.04608058134791448
69,0,0.0,0.0,0.05486112289699229,0.05486112289699229,0.05486112289699229,0.048752528141438045,0.048752528141438045,0.0
70,0,0.006108594755554246,0.006108594755554246,0.04613813666871502,0.05224673142426926,0.05224673142426926,0.3310919196135841,0.05224673142426926,0.2788451881893148
71,0,0.0,0.0,0.050990206739857824,0.050990206739857824,0.050990206739857824,0.9633018522916809,0.050990206739857824,0.912311645551823
72,0,0.0,0.0,0.05575818623964282,0.05575818623964282,0.05575818623964282,0.013309425134062636,0.013309425134062636,0.0
73,0,0.042448761105580185,0.042448761105580185,0.010828637472680272,0.05327739857826046,0.05327739857826046,0.06014761355215015,0.05327739857826046,0.006870214973889691
74,0,0.0,0.0,0.015436084495558586,0.015436084495558586,0.015436084495558586,0.9010588654288374,0.015436084495558586,0.8856227809332788
75,0,0.0,0.0,0.019966869148484247,0.019966869148484247,0.019966869148484247,0.8893517073904332,0.019966869148484247,0.869384838241949
76,0,0.0,0.0,0.024423257287440263,0.024423257287440263,0.024423257287440263,0.8292448922396631,0.024423257287440263,0.8048216349522229
77,0,0.0,0.0,0.02880741928808606,0.02880741928808606,0.02880741928808606,0.6866805109818289,0.02880741928808606,0.6578730916937429
78,0,0.0,0.0,0.03312143523979138,0.03312143523979138,0.03312143523979138,0.92581709312111,0.03312143523979138,0.8926956578813187
79,0,0.0,0.0,0.03736729979504976,0.03736729979504976,0.03736729979504976,0.6496641060006259,0.03736729979504976,0.6122968062055761
80,0,0.0,0.0,0.0415469267011524,0.0415469267011524,0.0415469267011524,0.33036089212257147,0.0415469267011524,0.28881396542141907
81,0,0.0,0.0,0.04566215303860096,0.04566215303860096,0.04566215303860096,0.923917590723634,0.04566215303860096,0.878255437685033
82,0,0.0,0.0,0.04971474318857706,0.04971474318857706,0.04971474318857706,0.13665612929063886,0.04971474318857706,0.0869413861020618
83,0,0.0,0.0,0.053706392549839596,0.053706392549839596,0.053706392549839596,0.7859652653560502,0.053706392549839596,0.7322588728062106
84,0,0.0,0.0,0.057638731023665554,0.057638731023665554,0.057638731023665554,0.011773823089680113,0.011773823089680113,0.0
85,0,0.04586490793398544,0.04586490793398544,0.009722804903629756,0.0555877128376152,0.0555877128376152,0.3685749221709238,0.0555877128376152,0.3129872093333086
86,0,0.0,0.0,0.013541165467229062,0.013541165467229062,0.013541165467229062,0.978544832753648,0.013541165467229062,0.965003667286419
87,0,0.0,0.0,0.017304743580127464,0.017304743580127464,0.017304743580127464,0.1149305138329918,0.017304743580127464,0.09762577025286434
88,0,0.0,0.0,0.02101493793084116,0.02101493793084116,0.02101493793084116,0.6333284207935326,0.02101493793084116,0.6123134828626914
89,0,0.0,0.0,0.024673096204396172,0.024673096204396172,0.024673096204396172,0.8956052835457884,0.024673096204396172,0.8709321873413922
90,0,0.0,0.0,0.028280517487452826,0.028280517487452826,0.028280517487452826,0.2490486666359969,0.028280517487452826,0.22076814914854406
91,0,0.0,0.0,0.03183845453486562,0.03183845453486562,0.03183845453486562,0.1992510139078204,0.03183845453486562,0.1674125593729548
92,0,0.0,0.0,0.035348115907078904,0.035348115907078904,0.035348115907078904,0.7838384846614576,0.035348115907078904,0.7484903687543787
93,0,0.0,0.0,0.03881066798702694,0.03881066798702694,0.03881066798702694,0.16796211776930714,0.03881066798702694,0.12915144978228021
94,0,0.0,0.0,0.04222723688453926,0.04222723688453926,0.04222723688453926,0.869808908205441,0.04222723688453926,0.8275816713209018
95,0,0.0,0.0,0.04559891023564241,0.04559891023564241,0.04559891023564241,0.6434597096623959,0.04559891023564241,0.5978607994267534
96,0,0.0,0.0,0.04892673890359174,0.04892673890359174,0.04892673890359174,0.8701918224331748,0.04892673890359174,0.821265083529583
97,0,0.0,0.0,0.05221173858795691,0.05221173858795691,0.05221173858795691,0.9807405828732607,0.05221173858795691,0.9285288442853038
98,0,0.0,0.0,0.0554548913476173,0.0554548913476173,0.0554548913476173,0.66858332726236,0.0554548913476173,0.6131284359147428
99,0,0.0,0.0,0.05865714704309551,0.05865714704309551,0.05865714704309551,0.8923952419748252,0.05865714704309551,0.8337380949317297
100,0,0.0,0.0,0.06181942470326389,0.06181942470326389,0.06181942470326389,0.6886939176120344,0.06181942470326389,0.6268744929087705
101,0,0.0,0.0,0.06494261382109812,0.06494261382109812,0.06494261382109812,0.05101221930553401,0.05101221930553401,0.0
102,0,0.013930394515564104,0.013930394515564104,0.04937919385341577,0.06330958836897987,0.06330958836897987,0.062463183781923726,0.062463183781923726,0.0
103,0,0.0008464045870561487,0.0008464045870561487,0.046919557974366526,0.047765962561422674,0.047765962561422674,0.19412597171983548,0.047765962561422674,0.1463600091584128
104,0,0.0,0.0,0.04993054112954223,0.04993054112954223,0.04993054112954223,0.587406192840075,0.04993054112954223,0.5374756517105328
105,0,0.0,0.0,0.052905722021847235,0.052905722021847235,0.052905722021847235,0.47544267307330534,0.052905722021847235,0.4225369510514581
106,0,0.0,0.0,0.055845859705245963,0.055845859705245963,0.055845859705245963,0.6620874301377012,0.055845859705245963,0.6062415704324553
107,0,0.0,0.0,0.058751690205408276,0.058751690205408276,0.058751690205408276,0.3088832293922037,0.058751690205408276,0.2501315391867954
108,0,0.0,0.0,0.0616239274248592,0.0616239274248592,0.0616239274248592,0.03953937696863152,0.03953937696863152,0.0
109,0,0.022084550456227675,0.022084550456227675,0.03803637328172996,0.06012092373795763,0.06012092373795763,0.3930554924344015,0.06012092373795763,0.3329345686964439
110,0,0.0,0.0,0.04084348142169673,0.04084348142169673,0.04084348142169673,0.2443766585387791,0.04084348142169673,0.20353317711708238
111,0,0.0,0.0,0.043619013662629436,0.043619013662629436,0.043619013662629436,0.34944341737745244,0.043619013662629436,0.305824403714823
112,0,0.0,0.0,0.04636360363116187,0.04636360363116187,0.04636360363116187,0.9485246377522957,0.04636360363116187,0.9021610341211338
113,0,0.0,0.0,0.049077866750417504,0.049077866750417504,0.049077866750417504,0.9383937768780017,0.049077866750417504,0.8893159101275843
114,0,0.0,0.0,0.05176240091790004,0.05176240091790004,0.05176240091790004,0.30905845886202765,0.05176240091790004,0.25729605794412763
115,0,0.0,0.0,0.05441778715247067,0.05441778715247067,0.05441778715247067,0.28667766364877223,0.05441778715247067,0.23225987649630156
116,0,0.0,0.0,0.05704459021207584,0.05704459021207584,0.05704459021207584,0.18239693611061025,0.05704459021207584,0.12535234589853442
117,0,0.0,0.0,0.05964335918378635,0.05964335918378635,0.05964335918378635,0.9301512355502792,0.05964335918378635,0.8705078763664928
118,0,0.0,0.0,0.06221462804761268,0.06221462804761268,0.06221462804761268,0.2318661715346939,0.06221462804761268,0.16965154348708122
119,0,0.0,0.0,0.06475891621547251,0.06475891621547251,0.06475891621547251,0.41991687680048817,0.06475891621547251,0.35515796058501564
120,0,0.0,0.0,0.06727672904660316,0.06727672904660316,0.06727672904660316,0.696333697524927,0.06727672904660316,0.6290569684783238
121,0,0.0,0.0,0.06976855834063427,0.06976855834063427,0.06976855834063427,0.7395357306672442,0.06976855834063427,0.66976717232661
122,0,0.0,0.0,0.07223488280946425,0.07223488280946425,0.07223488280946425,0.9926829331092819,0.07223488280946425,0.9204480502998177
123,0,0.0,0.0,0.0746761685290162,0.0746761685290162,0.0746761685290162,0.13625264916967494,0.0746761685290162,0.06157648064065875
124,0,0.0,0.0,0.07709286937188649,0.07709286937188649,0.07709286937188649,0.4012613851404374,0.07709286937188649,0.32416851576855094
125,0,0.0,0.0,0.07948542742184043,0.07948542742184043,0.07948542742184043,0.5658130951791897,0.07948542742184043,0.4863276677573492
126,0,0.0,0.0,0.08185427337105458,0.08185427337105458,0.08185427337105458,0.8119993870311273,0.08185427337105458,0.7301451136600727
127,0,0.0,0.0,0.08419982690095379,0.08419982690095379,0.08419982690095379,0.34594278764237696,0.08419982690095379,0.26174296074142317
128,0,0.0,0.0,0.08652249704744348,0.08652249704744348,0.08652249704744348,0.903602689616643,0.08652249704744348,0.8170801925691995
129,0,0.0,0.0,0.08882268255129225,0.08882268255129225,0.08882268255129225,0.9508354097895241,0.08882268255129225,0.8620127272382319
130,0,0.0,0.0,0.09110077219437811,0.09110077219437811,0.09110077219437811,0.9784424249689657,0.09110077219437811,0.8873416527745877
131,0,0.0,0.0,0.09335714512247222,0.09335714512247222,0.09335714512247222,0.13066022287445256,0.09335714512247222,0.03730307775198034
132,0,0.0,0.0,0.09559217115519676,0.09559217115519676,0.09559217115519676,0.16431073447184152,0.09559217115519676,0.06871856331664476
133,0,0.0,0.0,0.09780621108375936,0.09780621108375936,0.09780621108375936,0.31765482971583325,0.09780621108375936,0.2198486186320739
134,0,0.0,0.0,0.09999961695703337,0.09999961695703337,0.09999961695703337,0.41965885486536925,0.09999961695703337,0.3196592379083359
135,0,0.0,0.0,0.10217273235652323,0.10217273235652323,0.10217273235652323,0.9976027499916041,0.10217273235652323,0.8954300176350809
136,0,0.0,0.0,0.10432589266072521,0.10432589266072521,0.10432589266072521,0.7722180787773404,0.10432589266072521,0.6678921861166152
137,0,0.0,0.0,0.1064594252993668,0.1064594252993668,0.1064594252993668,0.6480297223260489,0.1064594252993668,0.5415702970266821
138,0,0.0,0.0,0.1085736499979828,0.1085736499979828,0.1085736499979828,0.7194686222445691,0.1085736499979828,0.6108949722465863
139,0,0.0,0.0,0.11066887901326215,0.11066887901326215,0.11066887901326215,0.35160349415461334,0.11066887901326215,0.24093461514135117
140,0,0.0,0.0,0.11274541735957722,0.11274541735957722,0.11274541735957722,0.6419541624683257,0.11274541735957722,0.5292087451087485
141,0,0.0,0.0,0.11480356302708603,0.11480356302708603,0.11480356302708603,0.039267526043561096,0.039267526043561096,0.0
142,0,0.07553603698352493,0.07553603698352493,0.03818762804102391,0.11372366502454884,0.11372366502454884,0.2758644595386739,0.11372366502454884,0.16214079451412505
143,0,0.0,0.0,0.04020985526706067,0.04020985526706067,0.04020985526706067,0.9837321164514454,0.04020985526706067,0.9435222611843848
144,0,0.0,0.0,0.04221454370174687,0.04221454370174687,0.04221454370174687,0.5521080745407705,0.04221454370174687,0.5098935308390237
145,0,0.0,0.0,0.04420196526344724,0.04420196526344724,0.04420196526344724,0.7630408068590631,0.04420196526344724,0.7188388415956158
146,0,0.0,0.0,0.04617238582275248,0.04617238582275248,0.04617238582275248,0.6204698406664616,0.04617238582275248,0.5742974548437091
147,0,0.0,0.0,0.048126065377180435,0.048126065377180435,0.048126065377180435,0.7501944428065078,0.048126065377180435,0.7020683774293274
148,0,0.0,0.0,0.050063258219685325,0.050063258219685325,0.050063258219685325,0.4965762984020078,0.050063258219685325,0.44651304018232246
149,0,0.0,0.0,0.05198421310123462,0.05198421310123462,0.05198421310123462,0.9982106285167869,0.05198421310123462,0.9462264154155523
150,0,0.0,0.0,0.05388917338770049,0.05388917338770049,0.05388917338770049,0.9245701316419669,0.05388917338770049,0.8706809582542664
151,0,0.0,0.0,0.05577837721130093,0.05577837721130093,0.05577837721130093,0.8526247982214322,0.05577837721130093,0.7968464210101313
152,0,0.0,0.0,0.05765205761681458,0.05765205761681458,0.05765205761681458,0.07223889830724373,0.05765205761681458,0.014586840690429148
153,0,0.0,0.0,0.0595104427027824,0.0595104427027824,0.0595104427027824,0.011611038426748266,0.011611038426748266,0.0
154,0,0.04789940427603413,0.04789940427603413,0.01063528009723557,0.0585346843732697,0.0585346843732697,0.3665646318149738,0.0585346843732697,0.3080299474417041
155,0,0.0,0.0,0.012463739732127957,0.012463739732127957,0.012463739732127957,0.5478128942151951,0.012463739732127957,0.5353491544830671
156,0,0.0,0.0,0.014277560006696131,0.014277560006696131,0.014277560006696131,0.32044446928181014,0.014277560006696131,0.30616690927511403
157,0,0.0,0.0,0.016076950553205755,0.016076950553205755,0.016076950553205755,0.683371983440638,0.016076950553205755,0.6672950328874322
158,0,0.0,0.0,0.017862116695290548,0.017862116695290548,0.017862116695290548,0.2049932153177022,0.017862116695290548,0.18713109862241165
159,0,0.0,0.0,0.01963325956302915,0.01963325956302915,0.01963325956302915,0.4107014097463798,0.01963325956302915,0.39106815018335067
160,0,0.0,0.0,0.02139057620424899,0.02139057620424899,0.02139057620424899,0.7219480246880302,0.02139057620424899,0.7005574484837812
161,0,0.0,0.0,0.02313425969220352,0.02313425969220352,0.02313425969220352,0.36781290735183625,0.02313425969220352,0.34467864765963274
162,0,0.0,0.0,0.024864499229762603,0.024864499229762603,0.024864499229762603,0.9914054298766994,0.024864499229762603,0.9665409306469368
163,0,0.0,0.0,0.026581480250249683,0.026581480250249683,0.026581480250249683,0.5139341052316806,0.026581480250249683,0.4873526249814309
164,0,0.0,0.0,0.028285384515053393,0.028285384515053393,0.028285384515053393,0.8010074541876879,0.028285384515053393,0.7727220696726346
165,0,0.0,0.0,0.029976390208135712,0.029976390208135712,0.029976390208135712,0.5640941771206882,0.029976390208135712,0.5341177869125525
166,0,0.0,0.0,0.031654672027553434,0.031654672027553434,0.031654672027553434,0.6758843446782018,0.031654672027553434,0.6442296726506483
167,0,0.0,0.0,0.03332040127410461,0.03332040127410461,0.03332040127410461,0.6429605135300015,0.03332040127410461,0.6096401122558969
168,0,0.0,0.0,0.03497374593720686,0.03497374593720686,0.03497374593720686,0.048108747250045325,0.03497374593720686,0.013135001312838464
169,0,0.0,0.0,0.036614870778109904,0.036614870778109904,0.036614870778109904,0.7788829384781593,0.036614870778109904,0.7422680677000494
170,0,0.0,0.0,0.03824393741054011,0.03824393741054011,0.03824393741054011,0.23280746525622864,0.03824393741054011,0.19456352784568853
171,0,0.0,0.0,0.03986110437887098,0.03986110437887098,0.03986110437887098,0.3055121130346068,0.03986110437887098,0.2656510086557358
172,0,0.0,0.0,0.04146652723390938,0.04146652723390938,0.04146652723390938,0.1250469801638412,0.04146652723390938,0.08358045292993181
173,0,0.0,0.0,0.04306035860638355,0.04306035860638355,0.04306035860638355,0.48323694130621,0.04306035860638355,0.4401765826998264
174,0,0.0,0.0,0.04464274827821535,0.04464274827821535,0.04464274827821535,0.44529433317105627,0.04464274827821535,0.4006515848928409
175,0,0.0,0.0,0.04621384325165599,0.04621384325165599,0.04621384325165599,0.2990446665033636,0.04621384325165599,0.2528308232517076
176,0,0.0,0.0,0.04777378781636086,0.04777378781636086,0.04777378781636086,0.9925547321810212,0.04777378781636086,0.9447809443646603
177,0,0.0,0.0,0.04932272361447625,0.04932272361447625,0.04932272361447625,0.9164018863980865,0.04932272361447625,0.8670791627836103
178,0,0.0,0.0,0.05086078970380781,0.05086078970380781,0.05086078970380781,0.10513749355370983,0.05086078970380781,0.05427670384990202
179,0,0.0,0.0,0.052388122619137556,0.052388122619137556,0.052388122619137556,0.7390473273972884,0.052388122619137556,0.6866592047781508
180,0,0.0,0.0,0.0539048564317537,0.0539048564317537,0.0539048564317537,0.3370201032728548,0.0539048564317537,0.2831152468411011
181,0,0.0,0.0,0.05541112280725503,0.05541112280725503,0.05541112280725503,0.6564287972463839,0.05541112280725503,0.6010176744391289
182,0,0.0,0.0,0.05690705106168893,0.05690705106168893,0.05690705106168893,0.8748970844060573,0.05690705106168893,0.8179900333443684
183,0,0.0,0.0,0.0583927682160801,0.0583927682160801,0.0583927682160801,0.7253846797672955,0.0583927682160801,0.6669919115512154
184,0,0.0,0.0,0.05986839904940439,0.05986839904940439,0.05986839904940439,0.019487681729651096,0.019487681729651096,0.0
185,0,0.0403807173197533,0.0403807173197533,0.018711830401637354,0.05909254772139065,0.05909254772139065,0.8870574900036582,0.05909254772139065,0.8279649422822676
186,0,0.0,0.0,0.020167654217466153,0.020167654217466153,0.020167654217466153,0.5996201547121437,0.020167654217466153,0.5794525004946776
187,0,0.0,0.0,0.021613753104367684,0.021613753104367684,0.021613753104367684,0.8573554089374659,0.021613753104367684,0.8357416558330982
188,0,0.0,0.0,0.023050243373560406,0.023050243373560406,0.023050243373560406,0.9470873269879448,0.023050243373560406,0.9240370836143844
189,0,0.0,0.0,0.02447723933752905,0.02447723933752905,0.02447723933752905,0.7693689279535154,0.02447723933752905,0.7448916886159863
190,0,0.0,0.0,0.02589485335470361,0.02589485335470361,0.02589485335470361,0.5011390228414244,0.02589485335470361,0.4752441694867208
191,0,0.0,0.0,0.027303195872911034,0.027303195872911034,0.027303195872911034,0.14941686099350981,0.027303195872911034,0.12211366512059878
192,0,0.0,0.0,0.028702375471639605,0.028702375471639605,0.028702375471639605,0.7856557187996062,0.028702375471639605,0.7569533433279666
193,0,0.0,0.0,0.030092498903154335,0.030092498903154335,0.030092498903154335,0.5099429950435533,0.030092498903154335,0.479850496140399
194,0,0.0,0.0,0.031473671132500464,0.031473671132500464,0.031473671132500464,0.9181814176012627,0.031473671132500464,0.8867077464687623
195,0,0.0,0.0,0.03284599537643061,0.03284599537643061,0.03284599537643061,0.9370425074394085,0.03284599537643061,0.9041965120629779
196,0,0.0,0.0,0.03420957314128992,0.03420957314128992,0.03420957314128992,0.08958696605591365,0.03420957314128992,0.055377392914623735
197,0,0.0,0.0,0.035564504259892195,0.035564504259892195,0.035564504259892195,0.6836775710066664,0.035564504259892195,0.6481130667467742
198,0,0.0,0.0,0.0369108869274189,0.0369108869274189,0.0369108869274189,0.6399648223474189,0.0369108869274189,0.60305393542
199,0,0.0,0.0,0.03824881773637169,0.03824881773637169,0.03824881773637169,0.5037350726000355,0.03824881773637169,0.4654862548636638
200,0,0.0,0.0,0.03957839171060794,0.03957839171060794,0.03957839171060794,0.23759406508963665,0.03957839171060794,0.1980156733790287
201,0,0.0,0.0,0.040899702338487935,0.040899702338487935,0.040899702338487935,0.3021093117747561,0.040899702338487935,0.26120960943626814
202,0,0.0,0.0,0.04221284160516104,0.04221284160516104,0.04221284160516104,0.6052236965267673,0.04221284160516104,0.5630108549216063
203,0,0.0,0.0,0.04351790002401742,0.04351790002401742,0.04351790002401742,0.9322400205538224,0.04351790002401742,0.8887221205298049
204,0,0.0,0.0,0.04481496666733081,0.04481496666733081,0.04481496666733081,0.9480683796380179,0.04481496666733081,0.9032534129706871
205,0,0.0,0.0,0.04610412919611708,0.04610412919611708,0.04610412919611708,0.6948900748297278,0.04610412919611708,0.6487859456336107
206,0,0.0,0.0,0.0473854738892322,0.0473854738892322,0.0473854738892322,0.0020299090915856244,0.0020299090915856244,0.0
207,0,0.045355564797646575,0.045355564797646575,0.0013557223049785322,0.04671128710262511,0.04671128710262511,0.18114004688467866,0.04671128710262511,0.13442875978205354
208,0,0.0,0.0,0.002621684775766817,0.002621684775766817,0.002621684775766817,0.025297373856752126,0.002621684775766817,0.022675689080985308
209,0,0.0,0.0,0.0038800802345418705,0.0038800802345418705,0.0038800802345418705,0.11044362930271201,0.0038800802345418705,0.10656354906817014
210,0,0.0,0.0,0.005130989708077184,0.005130989708077184,0.005130989708077184,0.34656653206712396,0.005130989708077184,0.3414355423590468
211,0,0.0,0.0,0.006374492975844951,0.006374492975844951,0.006374492975844951,0.24603116602744646,0.006374492975844951,0.23965667305160152
212,0,0.0,0.0,0.007610668595006128,0.007610668595006128,0.007610668595006128,0.7140047947313553,0.007610668595006128,0.7063941261363491
213,0,0.0,0.0,0.008839593924784917,0.008839593924784917,0.008839593924784917,0.07497208536056343,0.008839593924784917,0.06613249143577851
214,0,0.0,0.0,0.010061345150245614,0.010061345150245614,0.010061345150245614,0.8685818579253491,0.010061345150245614,0.8585205127751036
215,0,0.0,0.0,0.011275997305489208,0.011275997305489208,0.011275997305489208,0.14773771607306485,0.011275997305489208,0.13646171876757565
216,0,0.0,0.0,0.012483624296286498,0.012483624296286498,0.012483624296286498,0.4609999029921814,0.012483624296286498,0.4485162786958949
217,0,0.0,0.0,0.013684298922163949,0.013684298922163949,0.013684298922163949,0.9861684550730152,0.013684298922163949,0.9724841561508513
218,0,0.0,0.0,0.014878092897957976,0.014878092897957976,0.014878092897957976,0.031537962432722,0.014878092897957976,0.016659869534764025
219,0,0.0,0.0,0.01606507687485281,0.01606507687485281,0.01606507687485281,0.9100173559062553,0.01606507687485281,0.8939522790314025
220,0,0.0,0.0,0.017245320460916598,0.017245320460916598,0.017245320460916598,0.9063950602355664,0.017245320460916598,0.8891497397746497
221,0,0.0,0.0,0.018418892241149964,0.018418892241149964,0.018418892241149964,0.5962205834076775,0.018418892241149964,0.5778016911665275
222,0,0.0,0.0,0.019585859797060675,0.019585859797060675,0.019585859797060675,0.809387406032536,0.019585859797060675,0.7898015462354754
223,0,0.0,0.0,0.02074628972577776,0.02074628972577776,0.02074628972577776,0.22759431910326633,0.02074628972577776,0.20684802937748858
224,0,0.0,0.0,0.02190024765871787,0.02190024765871787,0.02190024765871787,0.4676661463991767,0.02190024765871787,0.4457658987404588
225,0,0.0,0.0,0.023047798279816362,0.023047798279816362,0.023047798279816362,0.9396616041503697,0.023047798279816362,0.9166138058705533
226,0,0.0,0.0,0.024189005343335075,0.024189005343335075,0.024189005343335075,0.5427505295430706,0.024189005343335075,0.5185615241997354
227,0,0.0,0.0,0.0253239316912585,0.0253239316912585,0.0253239316912585,0.9895865210353106,0.0253239316912585,0.9642625893440522
228,0,0.0,0.0,0.02645263927028959,0.02645263927028959,0.02645263927028959,0.5726918181141961,0.02645263927028959,0.5462391788439065
229,0,0.0,0.0,0.027575189148456157,0.027575189148456157,0.027575189148456157,0.2860053664372878,0.027575189148456157,0.25843017728883166
230,0,0.0,0.0,0.028691641531338408,0.028691641531338408,0.028691641531338408,0.5297959790940556,0.028691641531338408,0.5011043375627172
231,0,0.0,0.0,0.02980205577792786,0.02980205577792786,0.02980205577792786,0.3227039590972922,0.02980205577792786,0.29290190331936433
232,0,0.0,0.0,0.0309064904161276,0.0309064904161276,0.0309064904161276,0.28878037561282266,0.0309064904161276,0.2578738851966951
233,0,0.0,0.0,0.03200500315790345,0.03200500315790345,0.03200500315790345,0.641650744172282,0.03200500315790345,0.6096457410143785
234,0,0.0,0.0,0.033097650914095424,0.033097650914095424,0.033097650914095424,0.9282053077102062,0.033097650914095424,0.8951076567961107
235,0,0.0,0.0,0.034184489808898405,0.034184489808898405,0.034184489808898405,0.24836647411103185,0.034184489808898405,0.21418198430213345
236,0,0.0,0.0,0.03526557519402093,0.03526557519402093,0.03526557519402093,0.3747736619895218,0.03526557519402093,0.3395080867955008
237,0,0.0,0.0,0.036340961662530445,0.036340961662530445,0.036340961662530445,0.18406007399949142,0.036340961662530445,0.14771911233696097
238,0,0.0,0.0,0.03741070306239334,0.03741070306239334,0.03741070306239334,0.11019335589578483,0.03741070306239334,0.0727826528333915
239,0,0.0,0.0,0.03847485250971768,0.03847485250971768,0.03847485250971768,0.38678734452303665,0.03847485250971768,0.348312492013319
240,0,0.0,0.0,0.039533462401706465,0.039533462401706465,0.039533462401706465,0.9174346969130935,0.039533462401706465,0.877901234511387
241,0,0.0,0.0,0.040586584429328776,0.040586584429328776,0.040586584429328776,0.47658792681311124,0.040586584429328776,0.43600134238378246
242,0,0.0,0.0,0.04163426958971625,0.04163426958971625,0.04163426958971625,0.4509593477928542,0.04163426958971625,0.4093250782031379
243,0,0.0,0.0,0.042676568198291825,0.042676568198291825,0.042676568198291825,0.9523270631995965,0.042676568198291825,0.9096504950013047
244,0,0.0,0.0,0.04371352990063765,0.04371352990063765,0.04371352990063765,0.9646802635361715,0.04371352990063765,0.9209667336355338
245,0,0.0,0.0,0.04474520368410884,0.04474520368410884,0.04474520368410884,0.5158902960517162,0.04474520368410884,0.4711450923676074
246,0,0.0,0.0,0.0457716378891995,0.0457716378891995,0.0457716378891995,0.6911232220278712,0.0457716378891995,0.6453515841386718
247,0,0.0,0.0,0.04679288022066724,0.04679288022066724,0.04679288022066724,0.6319134785310871,0.04679288022066724,0.58512059831042
248,0,0.0,0.0,0.047808977758422376,0.047808977758422376,0.047808977758422376,0.3687847770196703,0.047808977758422376,0.3209757992612479
249,0,0.0,0.0,0.048819976968187594,0.048819976968187594,0.048819976968187594,0.8692885172977269,0.048819976968187594,0.8204685403295393
250,0,0.0,0.0,0.049825923711933943,0.049825923711933943,0.049825923711933943,0.5212560715788038,0.049825923711933943,0.4714301478668699
251,0,0.0,0.0,0.050826863258098584,0.050826863258098584,0.050826863258098584,0.6551480910046649,0.050826863258098584,0.6043212277465663
252,0,0.0,0.0,0.05182284029158981,0.05182284029158981,0.05182284029158981,0.426722112176658,0.05182284029158981,0.3748992718850682
253,0,0.0,0.0,0.05281389892358457,0.05281389892358457,0.05281389892358457,0.04126243316248135,0.04126243316248135,0.0
254,0,0.011551465761103219,0.011551465761103219,0.04074039647821194,0.05229186223931516,0.05229186223931516,0.33652586577062193,0.05229186223931516,0.2842340035313068
255,0,0.0,0.0,0.041721748393597186,0.041721748393597186,0.041721748393597186,0.29475289205307276,0.041721748393597186,0.25303114365947554
256,0,0.0,0.0,0.042698310893597186,0.042698310893597186,0.042698310893597186,0.12838614386841407,0.042698310893597186,0.08568783297481689
257,0,0.0,0.0,0.04367012588846388,0.04367012588846388,0.04367012588846388,0.14030193629434662,0.04367012588846388,0.09663181040588273
258,0,0.0,0.0,0.04463723476076638,0.04463723476076638,0.04463723476076638,0.8960872772683394,0.04463723476076638,0.851450042507573
259,0,0.0,0.0,0.045599678374045605,0.045599678374045605,0.045599678374045605,0.6664072926624558,0.045599678374045605,0.6208076142884102
260,0,0.0,0.0,0.04655749708129436,0.04655749708129436,0.04655749708129436,0.43816327439648695,0.04655749708129436,0.3916057773151926
261,0,0.0,0.0,0.04751073073326686,0.04751073073326686,0.04751073073326686,0.8142350185370866,0.04751073073326686,0.7667242878038197
262,0,0.0,0.0,0.04845941868662179,0.04845941868662179,0.04845941868662179,0.3239078077626316,0.04845941868662179,0.2754483890760098
263,0,0.0,0.0,0.04940359981190298,0.04940359981190298,0.04940359981190298,0.2982805285226472,0.04940359981190298,0.2488769287107442
264,0,0.0,0.0,0.050343312501361384,0.050343312501361384,0.050343312501361384,0.8727671179539034,0.050343312501361384,0.822423805452542
265,0,0.0,0.0,0.05127859467662217,0.05127859467662217,0.05127859467662217,0.4726063994455839,0.05127859467662217,0.42132780476896176
266,0,0.0,0.0,0.05220948379620061,0.05220948379620061,0.05220948379620061,0.10640900845242396,0.05220948379620061,0.054199524656223345
267,0,0.0,0.0,0.053136016862870186,0.053136016862870186,0.053136016862870186,0.01206981666211393,0.01206981666211393,0.0
268,0,0.041066200200756256,0.041066200200756256,0.011581642627820965,0.05264784282857722,0.05264784282857722,0.7385116290804413,0.05264784282857722,0.6858637862518641
269,0,0.0,0.0,0.012499572810004553,0.012499572810004553,0.012499572810004553,0.6628163826763048,0.012499572810004553,0.6503168098663002
270,0,0.0,0.0,0.013413255284686388,0.013413255284686388,0.013413255284686388,0.7825166594662696,0.013413255284686388,0.7691034041815832
271,0,0.0,0.0,0.014322725302518524,0.014322725302518524,0.014322725302518524,0.00494296744777778,0.00494296744777778,0.0
272,0,0.009379757854740744,0.009379757854740744,0.004463750643907005,0.013843508498647749,0.013843508498647749,0.28414165421668247,0.013843508498647749,0.27029814571803473
273,0,0.0,0.0,0.0053648998225490395,0.0053648998225490395,0.0053648998225490395,0.6684720668405953,0.0053648998225490395,0.6631071670180463
274,0,0.0,0.0,0.006261939796379299,0.006261939796379299,0.006261939796379299,0.6852507967876678,0.006261939796379299,0.6789888569912884
275,0,0.0,0.0,0.007154904170859016,0.007154904170859016,0.007154904170859016,0.4923133399381122,0.007154904170859016,0.4851584357672532
276,0,0.0,0.0,0.008043826155912545,0.008043826155912545,0.008043826155912545,0.0918465119354569,0.008043826155912545,0.08380268577954435
277,0,0.0,0.0,0.00892873857199332,0.00892873857199332,0.00892873857199332,0.41918484649593357,0.00892873857199332,0.41025610792394024
278,0,0.0,0.0,0.009809673856035307,0.009809673856035307,0.009809673856035307,0.5622619532806205,0.009809673856035307,0.5524522794245852
279,0,0.0,0.0,0.010686664067292528,0.010686664067292528,0.010686664067292528,0.9887045770656204,0.010686664067292528,0.9780179129983279
280,0,0.0,0.0,0.011559740893069137,0.011559740893069137,0.011559740893069137,0.430346955220803,0.011559740893069137,0.41878721432773386
281,0,0.0,0.0,0.012428935654342483,0.012428935654342483,0.012428935654342483,0.6561273604740032,0.012428935654342483,0.6436984248196608
282,0,0.0,0.0,0.013294279311281543,0.013294279311281543,0.013294279311281543,0.8490459024833777,0.013294279311281543,0.8357516231720962
283,0,0.0,0.0,0.014155802468663018,0.014155802468663018,0.014155802468663018,0.43988318105513424,0.014155802468663018,0.42572737858647125
284,0,0.0,0.0,0.015013535381187361,0.015013535381187361,0.015013535381187361,0.15497834767074425,0.015013535381187361,0.1399648122895569
285,0,0.0,0.0,0.015867507958696913,0.015867507958696913,0.015867507958696913,0.7899984667485501,0.015867507958696913,0.7741309587898532
286,0,0.0,0.0,0.0167177497712983,0.0167177497712983,0.0167177497712983,0.941178177637106,0.0167177497712983,0.9244604278658077
287,0,0.0,0.0,0.017564290054391165,0.017564290054391165,0.017564290054391165,0.6816076695892851,0.017564290054391165,0.6640433795348939
288,0,0.0,0.0,0.01840715771360527,0.01840715771360527,0.01840715771360527,0.6095159151958717,0.01840715771360527,0.5911087574822664
289,0,0.0,0.0,0.019246381329647944,0.019246381329647944,0.019246381329647944,0.8800066376742481,0.019246381329647944,0.8607602563446002
290,0,0.0,0.0,0.020081989163063835,0.020081989163063835,0.020081989163063835,0.9245317583618822,0.020081989163063835,0.9044497691988184
291,0,0.0,0.0,0.020914009158908793,0.020914009158908793,0.020914009158908793,0.2735719890915581,0.020914009158908793,0.2526579799326493
292,0,0.0,0.0,0.021742468951339793,0.021742468951339793,0.021742468951339793,0.8252685280263349,0.021742468951339793,0.8035260590749951
293,0,0.0,0.0,0.022567395868122613,0.022567395868122613,0.022567395868122613,0.21516895896792543,0.022567395868122613,0.1926015630998028
294,0,0.0,0.0,0.023388816935059082,0.023388816935059082,0.023388816935059082,0.2254488554384657,0.023388816935059082,0.20206003850340662
295,0,0.0,0.0,0.02420675888033556,0.02420675888033556,0.02420675888033556,0.3942764810741234,0.02420675888033556,0.3700697221937878
296,0,0.0,0.0,0.025021248138794316,0.025021248138794316,0.025021248138794316,0.23644051881433714,0.025021248138794316,0.21141927067554284
297,0,0.0,0.0,0.02583231085612945,0.02583231085612945,0.02583231085612945,0.7891644265550685,0.02583231085612945,0.763332115698939
298,0,0.0,0.0,0.02663997289300891,0.02663997289300891,0.02663997289300891,0.5666982614786115,0.02663997289300891,0.5400582885856026
299,0,0.0,0.0,0.02744425982912418,0.02744425982912418,0.02744425982912418,0.9683449578460294,0.02744425982912418,0.9409006980169052
300,0,0.0,0.0,0.0282451969671691,0.0282451969671691,0.0282451969671691,0.35134682276021656,0.0282451969671691,0.32310162579304746
301,0,0.0,0.0,0.029042809336749343,0.029042809336749343,0.029042809336749343,0.7537433120680581,0.029042809336749343,0.7247005027313088
302,0,0.0,0.0,0.029837121698223956,0.029837121698223956,0.029837121698223956,0.8817538853927067,0.029837121698223956,0.8519167636944828
303,0,0.0,0.0,0.030628158546480343,0.030628158546480343,0.030628158546480343,0.6274027326387023,0.030628158546480343,0.5967745740922219
304,0,0.0,0.0,0.031415944114644115,0.031415944114644115,0.031415944114644115,0.6791470576455225,0.031415944114644115,0.6477311135308784
305,0,0.0,0.0,0.032200502377725086,0.032200502377725086,0.032200502377725086,0.4130580694049526,0.032200502377725086,0.3808575670272275
306,0,0.0,0.0,0.03298185705620074,0.03298185705620074,0.03298185705620074,0.4830825813905484,0.03298185705620074,0.45010072433434767
307,0,0.0,0.0,0.03376003161953846,0.03376003161953846,0.03376003161953846,0.580187430321801,0.03376003161953846,0.5464273987022625
308,0,0.0,0.0,0.03453504928965771,0.03453504928965771,0.03453504928965771,0.21568450870539735,0.03453504928965771,0.18114945941573962
309,0,0.0,0.0,0.03530693304433349,0.03530693304433349,0.03530693304433349,0.055920300752515306,0.03530693304433349,0.02061336770818182
310,0,0.0,0.0,0.03607570562054205,0.03607570562054205,0.03607570562054205,0.0756266522487844,0.03607570562054205,0.03955094662824235
311,0,0.0,0.0,0.03684138951775029,0.03684138951775029,0.03684138951775029,0.9433517601432858,0.03684138951775029,0.9065103706255355
312,0,0.0,0.0,0.037604007001149735,0.037604007001149735,0.037604007001149735,0.5963633979799752,0.037604007001149735,0.5587593909788254
313,0,0.0,0.0,0.03836358010483631,0.03836358010483631,0.03836358010483631,0.005363276142705042,0.005363276142705042,0.0
314,0,0.033000303962131265,0.033000303962131265,0.004962795888201553,0.03796309985033282,0.03796309985033282,0.11904661267627192,0.03796309985033282,0.0810835128259391
315,0,0.0,0.0,0.005716345425948916,0.005716345425948916,0.005716345425948916,0.7907229332592681,0.005716345425948916,0.7850065878333192
316,0,0.0,0.0,0.006466915330704618,0.006466915330704618,0.006466915330704618,0.3261280682937918,0.006466915330704618,0.3196611529630872
317,0,0.0,0.0,0.007214526742932835,0.007214526742932835,0.007214526742932835,0.7188538989533189,0.007214526742932835,0.711639372210386
318,0,0.0,0.0,0.007959200587124621,0.007959200587124621,0.007959200587124621,0.7261072693976993,0.007959200587124621,0.7181480688105747
319,0,0.0,0.0,0.008700957574674172,0.008700957574674172,0.008700957574674172,0.7215446563728837,0.008700957574674172,0.7128436987982095
320,0,0.0,0.0,0.009439818206707903,0.009439818206707903,0.009439818206707903,0.022919037210688997,0.009439818206707903,0.013479219003981094
321,0,0.0,0.0,0.010175802776867283,0.010175802776867283,0.010175802776867283,0.2664244659614259,0.010175802776867283,0.2562486631845586
322,0,0.0,0.0,0.010908931374046311,0.010908931374046311,0.010908931374046311,0.29749935479421885,0.010908931374046311,0.28659042342017255
323,0,0.0,0.0,0.011639223885084522,0.011639223885084522,0.011639223885084522,0.1084606378158608,0.011639223885084522,0.09682141393077627
324,0,0.0,0.0,0.012366699997416361,0.012366699997416361,0.012366699997416361,0.44549480719827983,0.012366699997416361,0.4331281072008635
325,0,0.0,0.0,0.013091379201677788,0.013091379201677788,0.013091379201677788,0.9161784125698295,0.013091379201677788,0.9030870333681517
326,0,0.0,0.0,0.013813280794270912,0.013813280794270912,0.013813280794270912,0.09292052639984161,0.013813280794270912,0.0791072456055707
327,0,0.0,0.0,0.014532423879887476,0.014532423879887476,0.014532423879887476,0.19999079549724408,0.014532423879887476,0.1854583716173566
328,0,0.0,0.0,0.015248827373991953,0.015248827373991953,0.015248827373991953,0.4516245619493753,0.015248827373991953,0.4363757345753833
329,0,0.0,0.0,0.015962510005265045,0.015962510005265045,0.015962510005265045,0.4059966437608161,0.015962510005265045,0.39003413375555107
330,0,0.0,0.0,0.016673490318008317,0.016673490318008317,0.016673490318008317,0.6809352864406968,0.016673490318008317,0.6642617961226884
331,0,0.0,0.0,0.017381786674510707,0.017381786674510707,0.017381786674510707,0.19874070491041873,0.017381786674510707,0.18135891823590802
332,0,0.0,0.0,0.018087417257377628,0.018087417257377628,0.018087417257377628,0.39795871352816714,0.018087417257377628,0.3798712962707895
333,0,0.0,0.0,0.018790400071823362,0.018790400071823362,0.018790400071823362,0.8162111795757843,0.018790400071823362,0.797420779503961
334,0,0.0,0.0,0.019490752947927438,0.019490752947927438,0.019490752947927438,0.6158051879228563,0.019490752947927438,0.5963144349749289
335,0,0.0,0.0,0.020188493542855658,0.020188493542855658,0.020188493542855658,0.46863081104298776,0.020188493542855658,0.4484423175001321
336,0,0.0,0.0,0.02088363934304643,0.02088363934304643,0.02088363934304643,0.5677242961628597,0.02088363934304643,0.5468406568198133
337,0,0.0,0.0,0.021576207666363072,0.021576207666363072,0.021576207666363072,0.5324411668963571,0.021576207666363072,0.5108649592299941
338,0,0.0,0.0,0.02226621566421267,0.02226621566421267,0.02226621566421267,0.5620281042079417,0.02226621566421267,0.539761888543729
339,0,0.0,0.0,0.022953680323632146,0.022953680323632146,0.022953680323632146,0.02087219278591157,0.02087219278591157,0.0
340,0,0.0020814875377205763,0.0020814875377205763,0.020509620568988286,0.022591108106708863,0.022591108106708863,0.9776503185919289,0.022591108106708863,0.95505921048522
341,0,0.0,0.0,0.021192048865415418,0.021192048865415418,0.021192048865415418,0.06244430309661997,0.021192048865415418,0.04125225423120455
342,0,0.0,0.0,0.02187198381868349,0.02187198381868349,0.02187198381868349,0.32647064842871,0.02187198381868349,0.3045986646100265
343,0,0.0,0.0,0.02254944177857428,0.02254944177857428,0.02254944177857428,0.967310819297959,0.02254944177857428,0.9447613775193847
344,0,0.0,0.0,0.02322443894045837,0.02322443894045837,0.02322443894045837,0.5557995381096776,0.02322443894045837,0.5325750991692193
345,0,0.0,0.0,0.02389699134719663,0.02389699134719663,0.02389699134719663,0.459588965746356,0.02389699134719663,0.43569197439915935
346,0,0.0,0.0,0.024567114891012844,0.024567114891012844,0.024567114891012844,0.6881372824495617,0.024567114891012844,0.6635701675585489
347,0,0.0,0.0,0.025234825315338043,0.025234825315338043,0.025234825315338043,0.08100365356462313,0.025234825315338043,0.05576882824928509
348,0,0.0,0.0,0.025900138216626976,0.025900138216626976,0.025900138216626976,0.8396650407288568,0.025900138216626976,0.8137649025122299
349,0,0.0,0.0,0.026563069046147313,0.026563069046147313,0.026563069046147313,0.5728918729848702,0.026563069046147313,0.5463288039387229
350,0,0.0,0.0,0.027223633111741998,0.027223633111741998,0.027223633111741998,0.9327730333714861,0.027223633111741998,0.9055494002597441
351,0,0.0,0.0,0.027881845579565245,0.027881845579565245,0.027881845579565245,0.9866549450921671,0.027881845579565245,0.9587730995126018
352,0,0.0,0.0,0.028537721475792664,0.028537721475792664,0.028537721475792664,0.9298032772558203,0.028537721475792664,0.9012655557800276
353,0,0.0,0.0,0.02919127568830596,0.02919127568830596,0.02919127568830596,0.9975713050264176,0.02919127568830596,0.9683800293381116
354,0,0.0,0.0,0.02984252296835265,0.02984252296835265,0.02984252296835265,0.3726809422151356,0.02984252296835265,0.34283841924678293
355,0,0.0,0.0,0.030491477932181252,0.030491477932181252,0.030491477932181252,0.5845491197643967,0.030491477932181252,0.5540576418322155
356,0,0.0,0.0,0.031138155062652356,0.031138155062652356,0.031138155062652356,0.9312188876915443,0.031138155062652356,0.9000807326288919
357,0,0.0,0.0,0.03178256871082603,0.03178256871082603,0.03178256871082603,0.20152920939716612,0.03178256871082603,0.1697466406863401
358,0,0.0,0.0,0.03242473309752592,0.03242473309752592,0.03242473309752592,0.06488996923821011,0.03242473309752592,0.03246523614068419
359,0,0.0,0.0,0.03306466231488055,0.03306466231488055,0.03306466231488055,0.44979421848868073,0.03306466231488055,0.4167295561738002
360,0,0.0,0.0,0.033702370327842054,0.033702370327842054,0.033702370327842054,0.8440227025203053,0.033702370327842054,0.8103203321924632
361,0,0.0,0.0,0.034337870975682944,0.034337870975682944,0.034337870975682944,0.11157154031910521,0.034337870975682944,0.07723366934342227
362,0,0.0,0.0,0.03497117797347108,0.03497117797347108,0.03497117797347108,0.11086968580085244,0.03497117797347108,0.07589850782738136
363,0,0.0,0.0,0.03560230491352336,0.03560230491352336,0.03560230491352336,0.2758942972635282,0.03560230491352336,0.24029199235000484
364,0,0.0,0.0,0.03623126526683847,0.03623126526683847,0.03623126526683847,0.7606291834706316,0.03623126526683847,0.7243979182037931
365,0,0.0,0.0,0.03685807238450897,0.03685807238450897,0.03685807238450897,0.7817897903881885,0.03685807238450897,0.7449317180036795
366,0,0.0,0.0,0.03748273949911322,0.03748273949911322,0.03748273949911322,0.3440309409839457,0.03748273949911322,0.30654820148483247
367,0,0.0,0.0,0.038105279726087286,0.038105279726087286,0.038105279726087286,0.691407622047194,0.038105279726087286,0.6533023423211067
368,0,0.0,0.0,0.03872570606507741,0.03872570606507741,0.03872570606507741,0.23338400218009925,0.03872570606507741,0.19465829611502183
369,0,0.0,0.0,0.03934403140127314,0.03934403140127314,0.03934403140127314,0.19053815516032724,0.03934403140127314,0.1511941237590541
370,0,0.0,0.0,0.03996026850672161,0.03996026850672161,0.03996026850672161,0.4679706269666527,0.03996026850672161,0.4280103584599311
371,0,0.0,0.0,0.04057443004162319,0.04057443004162319,0.04057443004162319,0.48504060744151445,0.04057443004162319,0.44446617739989125
372,0,0.0,0.0,0.041186528555608906,0.041186528555608906,0.041186528555608906,0.5305048126895093,0.041186528555608906,0.48931828413390044
373,0,0.0,0.0,0.04179657648899981,0.04179657648899981,0.04179657648899981,0.03593720565845704,0.03593720565845704,0.0
374,0,0.005859370830542769,0.005859370830542769,0.03561535554571363,0.0414747263762564,0.0414747263762564,0.4149783679652913,0.0414747263762564,0.37350364158903493
375,0,0.0,0.0,0.03622133920782963,0.03622133920782963,0.03622133920782963,0.7531258037832647,0.03622133920782963,0.716904464575435
376,0,0.0,0.0,0.036825308966785125,0.036825308966785125,0.036825308966785125,0.26747324389160676,0.036825308966785125,0.23064793492482163
377,0,0.0,0.0,0.037427276837906476,0.037427276837906476,0.037427276837906476,0.07595907522886691,0.037427276837906476,0.03853179839096044
378,0,0.0,0.0,0.038027254733247855,0.038027254733247855,0.038027254733247855,0.3771682806994693,0.038027254733247855,0.3391410259662214
379,0,0.0,0.0,0.03862525446274896,0.03862525446274896,0.03862525446274896,0.5733099332042781,0.03862525446274896,0.5346846787415291
380,0,0.0,0.0,0.03922128773537671,0.03922128773537671,0.03922128773537671,0.8535182884087817,0.03922128773537671,0.814297000673405
381,0,0.0,0.0,0.039815366160251206,0.039815366160251206,0.039815366160251206,0.42726114886435107,0.039815366160251206,0.38744578270409985
382,0,0.0,0.0,0.04040750124775621,0.04040750124775621,0.04040750124775621,0.12699764733121144,0.04040750124775621,0.08659014608345522
383,0,0.0,0.0,0.04099770441063446,0.04099770441063446,0.04099770441063446,0.5130835411483123,0.04099770441063446,0.4720858367376779
384,0,0.0,0.0,0.041585986965067955,0.041585986965067955,0.041585986965067955,0.35610824679544173,0.041585986965067955,0.3145222598303738
385,0,0.0,0.0,0.04217236013174354,0.04217236013174354,0.04217236013174354,0.8192761480586795,0.04217236013174354,0.777103787926936
386,0,0.0,0.0,0.042756835036904,0.042756835036904,0.042756835036904,0.5117867028343176,0.042756835036904,0.4690298677974136
387,0,0.0,0.0,0.04333942271338493,0.04333942271338493,0.04333942271338493,0.18866314395275452,0.04333942271338493,0.1453237212393696
388,0,0.0,0.0,0.043920134101637504,0.043920134101637504,0.043920134101637504,0.03170573378325958,0.03170573378325958,0.0
389,0,0.012214400318377922,0.012214400318377922,0.031399321503060615,0.043613721821438536,0.043613721821438536,0.15299395117797632,0.043613721821438536,0.10938022935653778
390,0,0.0,0.0,0.03197631277170393,0.03197631277170393,0.03197631277170393,0.7297262823878592,0.03197631277170393,0.6977499696161553
391,0,0.0,0.0,0.03255146002918853,0.03255146002918853,0.03255146002918853,0.9859156852183389,0.03255146002918853,0.9533642251891504
392,0,0.0,0.0,0.03312477385638346,0.03312477385638346,0.03312477385638346,0.7243225364665207,0.03312477385638346,0.6911977626101372
393,0,0.0,0.0,0.03369626474668482,0.03369626474668482,0.03369626474668482,0.6841021501106309,0.03369626474668482,0.6504058853639461
394,0,0.0,0.0,0.034265943106959,0.034265943106959,0.034265943106959,0.19555604923928516,0.034265943106959,0.16129010613232617
395,0,0.0,0.0,0.03483381925847341,0.03483381925847341,0.03483381925847341,0.2906343584162858,0.03483381925847341,0.2558005391578124
396,0,0.0,0.0,0.035399903437814885,0.035399903437814885,0.035399903437814885,0.04351123243060284,0.035399903437814885,0.008111328992787957
397,0,0.0,0.0,0.035964205797795884,0.035964205797795884,0.035964205797795884,0.527927310000479,0.035964205797795884,0.4919631042026831
398,0,0.0,0.0,0.03652673640834883,0.03652673640834883,0.03652673640834883,0.28758326905780807,0.03652673640834883,0.25105653264945926
399,0,0.0,0.0,0.03708750525740862,0.03708750525740862,0.03708750525740862,0.5996938506466981,0.03708750525740862,0.5626063453892894
400,0,0.0,0.0,0.03764652225178357,0.03764652225178357,0.03764652225178357,0.50919791573742,0.03764652225178357,0.47155139348563646
401,0,0.0,0.0,0.03820379721801497,0.03820379721801497,0.03820379721801497,0.4255484643781251,0.03820379721801497,0.3873446671601101
402,0,0.0,0.0,0.038759339903225436,0.038759339903225436,0.038759339903225436,0.2174665553006464,0.038759339903225436,0.17870721539742096
403,0,0.0,0.0,0.03931315997595615,0.03931315997595615,0.03931315997595615,0.5320575593269047,0.03931315997595615,0.49274439935094855
404,0,0.0,0.0,0.039865267026993306,0.039865267026993306,0.039865267026993306,0.7537536008049095,0.039865267026993306,0.7138883337779162
405,0,0.0,0.0,0.040415670570183776,0.040415670570183776,0.040415670570183776,0.7294159692741273,0.040415670570183776,0.6890002987039435
406,0,0.0,0.0,0.04096438004324028,0.04096438004324028,0.04096438004324028,0.8655801151399123,0.04096438004324028,0.824615735096672
407,0,0.0,0.0,0.04151140480853614,0.04151140480853614,0.04151140480853614,0.089474077142642,0.04151140480853614,0.04796267233410585
408,0,0.0,0.0,0.04205675415388985,0.04205675415388985,0.04205675415388985,0.37897500061134126,0.04205675415388985,0.3369182464574514
409,0,0.0,0.0,0.042600437293339496,0.042600437293339496,0.042600437293339496,0.8699662409948912,0.042600437293339496,0.8273658037015517
410,0,0.0,0.0,0.04314246336790739,0.04314246336790739,0.04314246336790739,0.4688279643914395,0.04314246336790739,0.4256855010235321
411,0,0.0,0.0,0.04368284144635482,0.04368284144635482,0.04368284144635482,0.08977781090074044,0.04368284144635482,0.04609496945438562
412,0,0.0,0.0,0.044221580525927257,0.044221580525927257,0.044221580525927257,0.30765677574331884,0.044221580525927257,0.26343519521739156
413,0,0.0,0.0,0.044758689533090056,0.044758689533090056,0.044758689533090056,0.3083187452384053,0.044758689533090056,0.26356005570531527
414,0,0.0,0.0,0.045294177324254864,0.045294177324254864,0.045294177324254864,0.40855794358288455,0.045294177324254864,0.36326376625862966
415,0,0.0,0.0,0.04582805268649679,0.04582805268649679,0.04582805268649679,0.6405301409259936,0.04582805268649679,0.5947020882394968
416,0,0.0,0.0,0.04636032433826259,0.04636032433826259,0.04636032433826259,0.12009341164721021,0.04636032433826259,0.07373308730894762
417,0,0.0,0.0,0.04689100093006989,0.04689100093006989,0.04689100093006989,0.5178135062077008,0.04689100093006989,0.47092250527763097
418,0,0.0,0.0,0.04742009104519764,0.04742009104519764,0.04742009104519764,0.10459447630592178,0.04742009104519764,0.05717438526072414
419,0,0.0,0.0,0.047947603200367936,0.047947603200367936,0.047947603200367936,0.18804752775005862,0.047947603200367936,0.14009992454969067
420,0,0.0,0.0,0.048473545846419316,0.048473545846419316,0.048473545846419316,0.35520133606688686,0.048473545846419316,0.30672779022046753
421,0,0.0,0.0,0.04899792736897164,0.04899792736897164,0.04899792736897164,0.556937411397443,0.04899792736897164,0.5079394840284713
422,0,0.0,0.0,0.04952075608908274,0.04952075608908274,0.04952075608908274,0.5032873231325624,0.04952075608908274,0.4537665670434797
423,0,0.0,0.0,0.05004204026389688,0.05004204026389688,0.05004204026389688,0.46005705779281547,0.05004204026389688,0.4100150175289186
424,0,0.0,0.0,0.05056178808728522,0.05056178808728522,0.05056178808728522,0.42921006404829465,0.05056178808728522,0.3786482759610094
425,0,0.0,0.0,0.05108000769047836,0.05108000769047836,0.05108000769047836,0.3429879951939834,0.05108000769047836,0.291907987503505
426,0,0.0,0.0,0.051596707142691094,0.051596707142691094,0.051596707142691094,0.06076141937467339,0.051596707142691094,0.009164712231982293
427,0,0.0,0.0,0.052111894451739485,0.052111894451739485,0.052111894451739485,0.5979030234769301,0.052111894451739485,0.5457911290251907
428,0,0.0,0.0,0.052625577564650354,0.052625577564650354,0.052625577564650354,0.4993711533041363,0.052625577564650354,0.4467455757394859
429,0,0.0,0.0,0.05313776436826334,0.05313776436826334,0.05313776436826334,0.4872064766017197,0.05313776436826334,0.43406871223345633
430,0,0.0,0.0,0.05364846268982561,0.05364846268982561,0.05364846268982561,0.7283603005606499,0.05364846268982561,0.6747118378708243
431,0,0.0,0.0,0.054157680297579294,0.054157680297579294,0.054157680297579294,0.6537942618709064,0.054157680297579294,0.5996365815733271
432,0,0.0,0.0,0.05466542490134183,0.05466542490134183,0.05466542490134183,0.5240724016899062,0.05466542490134183,0.46940697678856436
433,0,0.0,0.0,0.05517170415307923,0.05517170415307923,0.05517170415307923,0.011945511323690483,0.011945511323690483,0.0
434,0,0.04322619282938875,0.04322619282938875,0.011678283911231296,0.054904476740620045,0.054904476740620045,0.9528565031342866,0.054904476740620045,0.8979520263936666
435,0,0.0,0.0,0.012181655186235749,0.012181655186235749,0.012181655186235749,0.6082797063174833,0.012181655186235749,0.5960980511312476
436,0,0.0,0.0,0.012683583723634087,0.012683583723634087,0.012683583723634087,0.04347041132411278,0.012683583723634087,0.03078682760047869
437,0,0.0,0.0,0.013184076949582355,0.013184076949582355,0.013184076949582355,0.182396423779828,0.013184076949582355,0.16921234683024566
438,0,0.0,0.0,0.013683142235149586,0.013683142235149586,0.013683142235149586,0.4401544623991175,0.013683142235149586,0.4264713201639679
439,0,0.0,0.0,0.014180786896850955,0.014180786896850955,0.014180786896850955,0.8296597578605286,0.014180786896850955,0.8154789709636776
440,0,0.0,0.0,0.01467701819717457,0.01467701819717457,0.01467701819717457,0.08484605862306205,0.01467701819717457,0.07016904042588748
441,0,0.0,0.0,0.015171843345101991,0.015171843345101991,0.015171843345101991,0.42902571851748006,0.015171843345101991,0.4138538751723781
442,0,0.0,0.0,0.01566526949662257,0.01566526949662257,0.01566526949662257,0.3141481360735223,0.01566526949662257,0.29848286657689976
443,0,0.0,0.0,0.0161573037552417,0.0161573037552417,0.0161573037552417,0.6502810628691295,0.0161573037552417,0.6341237591138877
444,0,0.0,0.0,0.016647953172483052,0.016647953172483052,0.016647953172483052,0.8847027487140622,0.016647953172483052,0.8680547955415792
445,0,0.0,0.0,0.017137224748384892,0.017137224748384892,0.017137224748384892,0.5665619362273915,0.017137224748384892,0.5494247114790066
446,0,0.0,0.0,0.017625125431990553,0.017625125431990553,0.017625125431990553,0.6571680963957189,0.017625125431990553,0.6395429709637284
447,0,0.0,0.0,0.01811166212183315,0.01811166212183315,0.01811166212183315,0.4516303247823664,0.01811166212183315,0.4335186626605333
448,0,0.0,0.0,0.01859684166641461,0.01859684166641461,0.01859684166641461,0.925820723655512,0.01859684166641461,0.9072238819890974
449,0,0.0,0.0,0.019080670864679135,0.019080670864679135,0.019080670864679135,0.6273683753983099,0.019080670864679135,0.6082877045336308
450,0,0.0,0.0,0.019563156466481085,0.019563156466481085,0.019563156466481085,0.02570499502918644,0.019563156466481085,0.006141838562705355
451,0,0.0,0.0,0.020044305173047464,0.020044305173047464,0.020044305173047464,0.1658365584224275,0.020044305173047464,0.14579225324938005
452,0,0.0,0.0,0.020524123637435016,0.020524123637435016,0.020524123637435016,0.825737492657843,0.020524123637435016,0.805213369020408
453,0,0.0,0.0,0.021002618464982033,0.021002618464982033,0.021002618464982033,0.08942186535113517,0.021002618464982033,0.06841924688615314
454,0,0.0,0.0,0.02147979621375493,0.02147979621375493,0.02147979621375493,0.7494879859476326,0.02147979621375493,0.7280081897338776
455,0,0.0,0.0,0.021955663394989677,0.021955663394989677,0.021955663394989677,0.08001295148634802,0.021955663394989677,0.058057288091358336
456,0,0.0,0.0,0.02243022647352815,0.02243022647352815,0.02243022647352815,0.5740082667343935,0.02243022647352815,0.5515780402608654
457,0,0.0,0.0,0.022903491868249453,0.022903491868249453,0.022903491868249453,0.16602427506326878,0.022903491868249453,0.14312078319501934
458,0,0.0,0.0,0.023375465952496333,0.023375465952496333,0.023375465952496333,0.996998355333622,0.023375465952496333,0.9736228893811257
459,0,0.0,0.0,0.023846155054496686,0.023846155054496686,0.023846155054496686,0.7746991381443226,0.023846155054496686,0.7508529830898258
460,0,0.0,0.0,0.024315565457780262,0.024315565457780262,0.024315565457780262,0.6043709998690417,0.024315565457780262,0.5800554344112615
461,0,0.0,0.0,0.02478370340159064,0.02478370340159064,0.02478370340159064,0.7981742348915024,0.02478370340159064,0.7733905314899118
462,0,0.0,0.0,0.0252505750812925,0.0252505750812925,0.0252505750812925,0.2605004197619075,0.0252505750812925,0.23524984468061502
463,0,0.0,0.0,0.025716186648774307,0.025716186648774307,0.025716186648774307,0.8040340516219602,0.025716186648774307,0.7783178649731859
464,0,0.0,0.0,0.026180544212846404,0.026180544212846404,0.026180544212846404,0.13179986733350824,0.026180544212846404,0.10561932312066183
465,0,0.0,0.0,0.026643653839634643,0.026643653839634643,0.026643653839634643,0.7751778080471918,0.026643653839634643,0.7485341542075572
466,0,0.0,0.0,0.027105521552969566,0.027105521552969566,0.027105521552969566,0.8309471673105038,0.027105521552969566,0.8038416457575343
467,0,0.0,0.0,0.027566153334771217,0.027566153334771217,0.027566153334771217,0.21872577690129968,0.027566153334771217,0.19115962356652846
468,0,0.0,0.0,0.02802555512542964,0.02802555512542964,0.02802555512542964,0.972935722207534,0.02802555512542964,0.9449101670821044
469,0,0.0,0.0,0.02848373282418111,0.02848373282418111,0.02848373282418111,0.15347596030372468,0.02848373282418111,0.12499222747954357
470,0,0.0,0.0,0.02894069228948018,0.02894069228948018,0.02894069228948018,0.7013361282347909,0.02894069228948018,0.6723954359453107
471,0,0.0,0.0,0.029396439339367558,0.029396439339367558,0.029396439339367558,0.7052753953314725,0.029396439339367558,0.675878955992105
472,0,0.0,0.0,0.029850979751833914,0.029850979751833914,0.029850979751833914,0.9854532208947087,0.029850979751833914,0.9556022411428747
473,0,0.0,0.0,0.030304319265179645,0.030304319265179645,0.030304319265179645,0.13763634096581767,0.030304319265179645,0.10733202170063802
474,0,0.0,0.0,0.030756463578370648,0.030756463578370648,0.030756463578370648,0.672617922150033,0.030756463578370648,0.6418614585716623
475,0,0.0,0.0,0.031207418351390168,0.031207418351390168,0.031207418351390168,0.3461449394182462,0.031207418351390168,0.314937521066856
476,0,0.0,0.0,0.031657189205586765,0.031657189205586765,0.031657189205586765,0.2532462573545379,0.031657189205586765,0.2215890681489511
477,0,0.0,0.0,0.03210578172401846,0.03210578172401846,0.03210578172401846,0.934873349302298,0.03210578172401846,0.9027675675782796
478,0,0.0,0.0,0.03255320145179309,0.03255320145179309,0.03255320145179309,0.018069167763773653,0.018069167763773653,0.0
479,0,0.01448403368801944,0.01448403368801944,0.01783294389572987,0.03231697758374931,0.03231697758374931,0.8935049166584016,0.03231697758374931,0.8611879390746523
480,0,0.0,0.0,0.018278034527392614,0.018278034527392614,0.018278034527392614,0.34474149011344035,0.018278034527392614,0.3264634555860477
481,0,0.0,0.0,0.018721968779368648,0.018721968779368648,0.018721968779368648,0.5080158305161082,0.018721968779368648,0.48929386173673955
482,0,0.0,0.0,0.01916475204829481,0.01916475204829481,0.01916475204829481,0.4097474574670842,0.01916475204829481,0.39058270541878937
483,0,0.0,0.0,0.019606389694504574,0.019606389694504574,0.019606389694504574,0.8233153417405125,0.019606389694504574,0.8037089520460079
484,0,0.0,0.0,0.020046887042346744,0.020046887042346744,0.020046887042346744,0.5152597105596881,0.020046887042346744,0.49521282351734136
485,0,0.0,0.0,0.020486249380500705,0.020486249380500705,0.020486249380500705,0.1035826907922206,0.020486249380500705,0.0830964414117199
486,0,0.0,0.0,0.02092448196228827,0.02092448196228827,0.02092448196228827,0.07531562914285916,0.02092448196228827,0.05439114718057089
487,0,0.0,0.0,0.02136159000598216,0.02136159000598216,0.02136159000598216,0.7973368227252503,0.02136159000598216,0.7759752327192682
488,0,0.0,0.0,0.021797578695111158,0.021797578695111158,0.021797578695111158,0.3420494102664723,0.021797578695111158,0.3202518315713611
489,0,0.0,0.0,0.022232453178762015,0.022232453178762015,0.022232453178762015,0.3921444905565925,0.022232453178762015,0.3699120373778305
490,0,0.0,0.0,0.0226662185718781,0.0226662185718781,0.0226662185718781,0.9892897696213884,0.0226662185718781,0.9666235510495103
491,0,0.0,0.0,0.023098879955554853,0.023098879955554853,0.023098879955554853,0.17775698697773978,0.023098879955554853,0.15465810702218494
492,0,0.0,0.0,0.02353044237733212,0.02353044237733212,0.02353044237733212,0.07483134447375117,0.02353044237733212,0.05130090209641905
493,0,0.0,0.0,0.023960910851483323,0.023960910851483323,0.023960910851483323,0.4010302394042764,0.023960910851483323,0.37706932855279307
494,0,0.0,0.0,0.024390290359301608,0.024390290359301608,0.024390290359301608,0.8586255241253675,0.024390290359301608,0.8342352337660659
495,0,0.0,0.0,0.024818585849382926,0.024818585849382926,0.024818585849382926,0.10182590055588414,0.024818585849382926,0.07700731470650121
496,0,0.0,0.0,0.025245802237906134,0.025245802237906134,0.025245802237906134,0.6028967875805774,0.025245802237906134,0.5776509853426712
497,0,0.0,0.0,0.025671944408910134,0.025671944408910134,0.025671944408910134,0.09795489899061749,0.025671944408910134,0.07228295458170736
498,0,0.0,0.0,0.02609701721456809,0.02609701721456809,0.02609701721456809,0.5049771624536397,0.02609701721456809,0.4788801452390716
499,0,0.0,0.0,0.02652102547545876,0.02652102547545876,0.02652102547545876,0.17471973265295726,0.02652102547545876,0.1481987071774985
500,0,0.0,0.0,0.026943973980834986,0.026943973980834986,0.026943973980834986,0.08653568416195623,0.026943973980834986,0.05959171018112124
501,0,0.0,0.0,,,,,,
